구분,식당,메뉴1,메뉴2,메뉴3,키워드,링크
한식,강남칼국수닭한마리,칼국수,열무냉국수,닭한마리,비,https://place.map.kakao.com/18719111
한식,곰바위,설렁탕,육회비빔밥,갈비탕,손님,https://place.map.kakao.com/1869730586
한식,수궁,김치찌개,,,,https://place.map.kakao.com/16377737
한식,지호한방삼계탕,삼계탕,,,여름,https://place.map.kakao.com/19589343
한식,본가신의주찹쌀순대,순대국밥,,,,https://place.map.kakao.com/8440324
중식,만리장성,짜장면,짬뽕,볶음밥,,https://place.map.kakao.com/13583324
한식,재희키친,고등어구이,,,손님,https://place.map.kakao.com/2002481188
한식,삼성족발,보쌈정식,돼지짜글이,김치찌개,,https://place.map.kakao.com/1451984690
한식,자연의원죽,야채떡라면,얼큰수제비,볶음밥,,https://place.map.kakao.com/1975840304
일식,노메,돈코츠라멘,규동,차슈덮밥,,https://place.map.kakao.com/26792678
일식,가츠몽,돈가스,김치알밥,냉모밀,,https://place.map.kakao.com/24531540
한식,전주현대옥,콩나물국밥,돼지국밥,,,https://place.map.kakao.com/19614749
한식,목포명가,회덮밥,꼬막비빔밥,,,https://place.map.kakao.com/1904181653
중식,일공,짜장면,짬뽕,볶음밥,,https://place.map.kakao.com/17761305
한식,한양화로,갈비탕,육개장,뚝배기불고기,,https://place.map.kakao.com/1798336768
한식,한양감자탕순대국밥,감자탕,순대국밥,뼈해장국,,https://place.map.kakao.com/1798336768
한식,옛골원조양평해장국,양평해장국,뼈해장국,우곱탕,,https://place.map.kakao.com/24002667
한식,생선지존진땡이,매콤명태조림,모듬생선구이,,,https://place.map.kakao.com/27227583
한식,이태리부대찌개,부대찌개,부대전골,,,https://place.map.kakao.com/1332172652
한식,현대이모네,한식뷔페,,,,https://place.map.kakao.com/726557603
한식,이남장,설렁탕,내장탕,,손님,https://place.map.kakao.com/16649489
한식,월출산,육회비빔밥,낙지덮밥,제육덮밥,,https://place.map.kakao.com/107246805
한식,진양재순대,순대국밥,,,,https://place.map.kakao.com/1741793808
한식,도명골청국장,청국장,,,,https://place.map.kakao.com/2130836465
한식,성가네큰집추어탕,추어탕,,,손님,https://place.map.kakao.com/12782858
한식,성북동청국장,한우청국장,육회비빔밥,,,https://place.map.kakao.com/16084885
한식,흑도야지,갈비탕,한우우거지탕,차돌된장찌개,,https://place.map.kakao.com/803977050
한식,미사리밀빛초계국수,초계국수,초계비빔국수,,,https://place.map.kakao.com/26897084
한식,베이비기네스,돈까스,,,,https://place.map.kakao.com/294702857
한식,의정부부대찌개,부대찌개,,,,https://place.map.kakao.com/11180084